-- phpMyAdmin SQL Dump
-- version 2.10.3
-- http://www.phpmyadmin.net
-- 
-- Host: localhost
-- Generation Time: Sep 28, 2011 at 10:00 AM
-- Server version: 5.0.51
-- PHP Version: 5.2.6

SET SQL_MODE="NO_AUTO_VALUE_ON_ZERO";

-- 
-- Database: `php_fw`
-- 

-- --------------------------------------------------------

-- 
-- Table structure for table `php_category`
-- 

CREATE TABLE `php_category` (
  `id` int(11) NOT NULL auto_increment COMMENT 'system',
  `type` tinyint(3) default '0' COMMENT 'system',
  `parentid` int(5) default '0' COMMENT 'system',
  `icon` varchar(255) collate utf8_unicode_ci default NULL COMMENT 'system',
  `image` varchar(255) collate utf8_unicode_ci default NULL COMMENT 'system',
  `active` tinyint(1) default '1' COMMENT 'system',
  `order_id` int(5) default '0' COMMENT 'system',
  `timestamp` timestamp NOT NULL default CURRENT_TIMESTAMP on update CURRENT_TIMESTAMP COMMENT 'system',
  `date` date default NULL COMMENT 'system',
  PRIMARY KEY  (`id`)
) ENGINE=MyISAM  DEFAULT CHARSET=utf8 COLLATE=utf8_unicode_ci COMMENT='Category for dynadmic content' AUTO_INCREMENT=7 ;

-- 
-- Dumping data for table `php_category`
-- 

INSERT INTO `php_category` VALUES (1, 2, 0, '1316232335-col1.jpg', '1316232336-01.jpg', 1, 0, '2011-09-17 11:05:36', '2011-08-13');
INSERT INTO `php_category` VALUES (2, 2, 0, '1316232358-col2.jpg', '1316232358-02.jpg', 1, 1, '2011-09-17 11:05:59', '2011-08-13');
INSERT INTO `php_category` VALUES (4, 2, 0, '1316232376-col3.jpg', '1316232376-03.jpg', 1, 2, '2011-09-17 11:06:16', '2011-09-17');
INSERT INTO `php_category` VALUES (5, 2, 0, '1316232395-col4.jpg', '1316232395-04.jpg', 1, 3, '2011-09-17 11:06:35', '2011-09-17');
INSERT INTO `php_category` VALUES (6, 2, 0, '1316232415-col5.jpg', '1316232415-05.jpg', 1, 4, '2011-09-17 11:06:55', '2011-09-17');

-- --------------------------------------------------------

-- 
-- Table structure for table `php_category_ln`
-- 

CREATE TABLE `php_category_ln` (
  `id` int(11) NOT NULL COMMENT 'system',
  `ln` varchar(2) collate utf8_unicode_ci NOT NULL COMMENT 'system',
  `ln_icon` varchar(255) collate utf8_unicode_ci default NULL COMMENT 'system',
  `ln_image` varchar(255) collate utf8_unicode_ci default NULL COMMENT 'system',
  `sef_url` varchar(255) collate utf8_unicode_ci default NULL COMMENT 'system',
  `name` varchar(255) collate utf8_unicode_ci default NULL,
  PRIMARY KEY  (`id`,`ln`)
) ENGINE=MyISAM DEFAULT CHARSET=utf8 COLLATE=utf8_unicode_ci;

-- 
-- Dumping data for table `php_category_ln`
-- 

INSERT INTO `php_category_ln` VALUES (1, 'vn', '', '', NULL, 'Cat 1');
INSERT INTO `php_category_ln` VALUES (1, 'en', '', '', NULL, '');
INSERT INTO `php_category_ln` VALUES (2, 'vn', '', '', NULL, 'Cat 2');
INSERT INTO `php_category_ln` VALUES (2, 'en', '', '', NULL, '');
INSERT INTO `php_category_ln` VALUES (4, 'vn', '', '', NULL, 'Cat 3');
INSERT INTO `php_category_ln` VALUES (5, 'vn', '', '', NULL, 'Cat 4');
INSERT INTO `php_category_ln` VALUES (6, 'vn', '', '', NULL, 'Cat 5');

-- --------------------------------------------------------

-- 
-- Table structure for table `php_comment`
-- 

CREATE TABLE `php_comment` (
  `id` int(5) NOT NULL auto_increment,
  `module` varchar(20) collate utf8_unicode_ci default NULL,
  `pageid` int(5) default '0',
  `memid` int(5) default '0',
  `title` varchar(255) collate utf8_unicode_ci default NULL,
  `content` text collate utf8_unicode_ci,
  `timestamp` timestamp NULL default CURRENT_TIMESTAMP,
  `active` tinyint(1) default '1',
  PRIMARY KEY  (`id`)
) ENGINE=MyISAM DEFAULT CHARSET=utf8 COLLATE=utf8_unicode_ci COMMENT='Front end comment' AUTO_INCREMENT=1 ;

-- 
-- Dumping data for table `php_comment`
-- 


-- --------------------------------------------------------

-- 
-- Table structure for table `php_configure`
-- 

CREATE TABLE `php_configure` (
  `code` varchar(20) collate utf8_unicode_ci NOT NULL,
  `name` varchar(255) collate utf8_unicode_ci default NULL,
  `value` text collate utf8_unicode_ci,
  `note` text collate utf8_unicode_ci,
  `group_id` int(5) default '1',
  `order_id` int(3) default '0',
  `use_function` varchar(255) collate utf8_unicode_ci default NULL,
  `set_function` varchar(255) collate utf8_unicode_ci default NULL,
  `is_system` tinyint(1) default '0',
  PRIMARY KEY  (`code`)
) ENGINE=MyISAM DEFAULT CHARSET=utf8 COLLATE=utf8_unicode_ci;

-- 
-- Dumping data for table `php_configure`
-- 

INSERT INTO `php_configure` VALUES ('web_title', 'Web Title', 'Generated by CMS!', 'The website title ', 1, 0, NULL, '', 0);
INSERT INTO `php_configure` VALUES ('web_keyword', 'Meta Keywords', 'website keywords', NULL, 1, 0, NULL, 'textarea(', 0);
INSERT INTO `php_configure` VALUES ('web_desc', 'Meta Description', 'website description', NULL, 1, 0, NULL, 'textarea(', 0);
INSERT INTO `php_configure` VALUES ('language_tab', 'Input languages', 'tab', NULL, 4, 0, NULL, 'radiobox(array(''list'',''tab''),', 1);
INSERT INTO `php_configure` VALUES ('ga_email', 'GA Email', 'w2ajax@gmail.com', 'Email to login GA ', 3, 0, NULL, NULL, 1);
INSERT INTO `php_configure` VALUES ('ga_pasw', 'GA Password', '', 'GA password', 3, 0, NULL, NULL, 1);
INSERT INTO `php_configure` VALUES ('skin_login', 'Login skin', 'default', NULL, 4, 0, NULL, 'skin_login(', 1);
INSERT INTO `php_configure` VALUES ('smtp_server', 'SMTP Server', 'mail.phpbasic.com', NULL, 2, 0, NULL, NULL, 1);
INSERT INTO `php_configure` VALUES ('smtp_usr', 'SMTP User', 'smtp@phpbasic.com', NULL, 2, 0, NULL, NULL, 1);
INSERT INTO `php_configure` VALUES ('smtp_psw', 'SMTP Password', 'basic753159', NULL, 2, 0, NULL, NULL, 1);
INSERT INTO `php_configure` VALUES ('smtp_auth', 'SMTP Auth', 'yes', NULL, 2, 0, NULL, 'radiobox(array(''yes'',''no''),', 0);
INSERT INTO `php_configure` VALUES ('smtp_from_email', 'SMTP From', 'no-reply@domain.com', NULL, 2, 0, NULL, NULL, 1);
INSERT INTO `php_configure` VALUES ('smtp_from_name', 'SMTP From Name', 'Webmaster', NULL, 2, 0, NULL, NULL, 1);
INSERT INTO `php_configure` VALUES ('smtp_port', 'SMTP Port', '25', NULL, 2, 0, NULL, NULL, 1);
INSERT INTO `php_configure` VALUES ('template', 'Templates', 'Default', NULL, 6, 0, NULL, 'templates(', 1);
INSERT INTO `php_configure` VALUES ('cookie_domain', 'Cookie Domain', 'localhost', NULL, 5, 0, NULL, NULL, 1);
INSERT INTO `php_configure` VALUES ('cookie_path', 'Cookie Path', '/', NULL, 5, 0, NULL, NULL, 1);
INSERT INTO `php_configure` VALUES ('save_log', 'User log', 'no', 'Save log user''s actions', 4, 0, NULL, 'radiobox(array(''yes'',''no''),', 1);
INSERT INTO `php_configure` VALUES ('cache_query', 'Cache Query', 'no', NULL, 4, 0, NULL, 'radiobox(array(''no'',''yes''),', 0);
INSERT INTO `php_configure` VALUES ('smtp_enable', 'SMTP Enable', 'yes', NULL, 2, 0, NULL, 'radiobox(array(''yes'',''no''),', 1);
INSERT INTO `php_configure` VALUES ('cache_tpl', 'Cache template', 'no', NULL, 4, 0, NULL, 'radiobox(array(''no'',''yes''),', 0);
INSERT INTO `php_configure` VALUES ('abc', 'Test new configure', '123', 'This is a test for function new configure from CMS', 1, 0, NULL, NULL, 0);
INSERT INTO `php_configure` VALUES ('address', 'Linh NMT', '23', 'Hahaha', 1, 0, NULL, NULL, 0);

-- --------------------------------------------------------

-- 
-- Table structure for table `php_configure_group`
-- 

CREATE TABLE `php_configure_group` (
  `id` int(5) NOT NULL auto_increment,
  `name` varchar(255) collate utf8_unicode_ci default NULL,
  `active` tinyint(1) default '1',
  `order_id` int(5) default '0',
  PRIMARY KEY  (`id`)
) ENGINE=MyISAM  DEFAULT CHARSET=utf8 COLLATE=utf8_unicode_ci AUTO_INCREMENT=7 ;

-- 
-- Dumping data for table `php_configure_group`
-- 

INSERT INTO `php_configure_group` VALUES (1, 'General', 1, 0);
INSERT INTO `php_configure_group` VALUES (2, 'SMTP server', 1, 0);
INSERT INTO `php_configure_group` VALUES (3, 'Google Analytics', 0, 0);
INSERT INTO `php_configure_group` VALUES (4, 'CMS system', 1, 0);
INSERT INTO `php_configure_group` VALUES (5, 'Cookies', 1, 0);
INSERT INTO `php_configure_group` VALUES (6, 'Design', 1, 0);

-- --------------------------------------------------------

-- 
-- Table structure for table `php_configure_mod`
-- 

CREATE TABLE `php_configure_mod` (
  `module` varchar(20) collate utf8_unicode_ci NOT NULL COMMENT 'product,html,gallery',
  `typeid` int(3) NOT NULL,
  `name` varchar(255) collate utf8_unicode_ci default NULL,
  `content` text collate utf8_unicode_ci,
  `data` text collate utf8_unicode_ci,
  PRIMARY KEY  (`module`,`typeid`)
) ENGINE=MyISAM DEFAULT CHARSET=utf8 COLLATE=utf8_unicode_ci;

-- 
-- Dumping data for table `php_configure_mod`
-- 

INSERT INTO `php_configure_mod` VALUES ('content', 1, 'Catalog', '', 'a:53:{s:9:"languages";s:1:"0";s:3:"act";a:6:{i:0;s:13:"enable_editor";i:1;s:16:"drapdrop_content";i:2;s:3:"new";i:3;s:6:"update";i:4;s:6:"delete";i:5;s:5:"image";}s:12:"sort_default";s:8:"order_id";s:18:"sort_default_order";s:0:"";s:6:"button";a:19:{s:4:"root";s:0:"";s:11:"header_name";s:0:"";s:11:"header_date";s:0:"";s:12:"header_order";s:0:"";s:13:"header_status";s:0:"";s:14:"header_actions";s:0:"";s:10:"tools_copy";s:0:"";s:8:"new_item";s:0:"";s:9:"edit_item";s:0:"";s:11:"delete_item";s:0:"";s:9:"move_item";s:0:"";s:11:"active_item";s:0:"";s:13:"inactive_item";s:0:"";s:17:"status_hover_item";s:0:"";s:12:"new_category";s:0:"";s:13:"edit_category";s:0:"";s:15:"delete_category";s:0:"";s:15:"new_subcategory";s:0:"";s:16:"status_hover_cat";s:0:"";}s:10:"extra_sort";s:0:"";s:11:"main_fields";a:3:{s:4:"home";a:7:{s:4:"name";s:0:"";s:4:"type";s:5:"input";s:14:"status_default";s:1:"0";s:6:"number";s:1:"0";s:11:"description";s:0:"";s:11:"require_msg";s:0:"";s:9:"sortorder";s:1:"0";}s:3:"top";a:7:{s:4:"name";s:0:"";s:4:"type";s:5:"input";s:14:"status_default";s:1:"0";s:6:"number";s:1:"0";s:11:"description";s:0:"";s:11:"require_msg";s:0:"";s:9:"sortorder";s:1:"0";}s:2:"ym";a:7:{s:4:"name";s:2:"YM";s:4:"type";s:5:"input";s:14:"status_default";s:1:"0";s:6:"number";s:1:"0";s:11:"description";s:26:"Nhap YM cua nguoi suppport";s:11:"require_msg";s:0:"";s:9:"sortorder";s:1:"0";}}s:9:"ln_fields";a:3:{s:4:"name";a:7:{s:5:"chose";s:1:"1";s:4:"name";s:8:"Fullname";s:4:"type";s:5:"input";s:7:"require";s:1:"1";s:11:"description";s:0:"";s:11:"require_msg";s:20:"Vui long nhap ho ten";s:9:"sortorder";s:1:"0";}s:5:"intro";a:5:{s:4:"name";s:11:"Information";s:4:"type";s:7:"tinymce";s:11:"description";s:0:"";s:11:"require_msg";s:0:"";s:9:"sortorder";s:1:"0";}s:7:"content";a:5:{s:4:"name";s:0:"";s:4:"type";s:5:"input";s:11:"description";s:0:"";s:11:"require_msg";s:0:"";s:9:"sortorder";s:1:"0";}}s:12:"options_type";a:2:{i:1;s:1:"0";i:2;s:1:"0";}s:18:"options_save_field";a:2:{i:1;s:0:"";i:2;s:0:"";}s:12:"fields_extra";a:4:{s:4:"name";a:3:{i:0;s:6:"Field1";i:1;s:7:"Field 2";i:2;s:7:"Field 3";}s:4:"code";a:3:{i:0;s:1:"a";i:1;s:1:"b";i:2;s:1:"c";}s:4:"type";a:3:{i:0;s:5:"input";i:1;s:5:"input";i:2;s:8:"textarea";}s:4:"note";a:3:{i:0;s:0:"";i:1;s:0:"";i:2;s:0:"";}}s:15:"ln_fields_extra";a:4:{s:4:"name";a:3:{i:0;s:4:"LN 1";i:1;s:4:"LN 2";i:2;s:4:"LN 3";}s:4:"code";a:3:{i:0;s:0:"";i:1;s:0:"";i:2;s:0:"";}s:4:"type";a:3:{i:0;s:8:"textarea";i:1;s:5:"input";i:2;s:8:"textarea";}s:4:"note";a:3:{i:0;s:0:"";i:1;s:0:"";i:2;s:0:"";}}s:8:"tpl_view";s:11:"content.tpl";s:10:"tpl_update";s:18:"content.update.tpl";s:13:"rows_per_page";s:0:"";s:12:"comment_name";s:0:"";s:15:"featuredon_name";s:0:"";s:9:"nodel_ids";s:0:"";s:11:"thumb_field";s:0:"";s:10:"list_field";s:6:"{name}";s:10:"sort_order";s:0:"";s:9:"main_icon";a:6:{s:1:"w";s:3:"200";s:1:"h";s:3:"200";s:4:"name";s:0:"";s:12:"force_resize";s:4:"true";s:7:"specify";s:4:"none";s:7:"orginal";s:1:"0";}s:8:"main_img";a:7:{s:5:"chose";s:1:"1";s:1:"w";s:1:"0";s:1:"h";s:1:"0";s:4:"name";s:0:"";s:12:"force_resize";s:5:"false";s:7:"specify";s:4:"none";s:7:"orginal";s:1:"0";}s:10:"main_thumb";a:4:{s:1:"w";s:1:"0";s:1:"h";s:1:"0";s:12:"force_resize";s:5:"false";s:7:"specify";s:4:"none";}s:12:"ln_main_icon";a:6:{s:1:"w";s:1:"0";s:1:"h";s:1:"0";s:4:"name";s:0:"";s:12:"force_resize";s:5:"false";s:7:"specify";s:4:"none";s:7:"orginal";s:1:"0";}s:11:"ln_main_img";a:6:{s:1:"w";s:1:"0";s:1:"h";s:1:"0";s:4:"name";s:0:"";s:12:"force_resize";s:5:"false";s:7:"specify";s:4:"none";s:7:"orginal";s:1:"0";}s:13:"ln_main_thumb";a:4:{s:1:"w";s:1:"0";s:1:"h";s:1:"0";s:12:"force_resize";s:5:"false";s:7:"specify";s:4:"none";}s:12:"gallery_name";s:0:"";s:12:"gallery_sort";s:6:"id ASC";s:14:"gallery_fields";s:0:"";s:12:"gallery_icon";a:6:{s:1:"w";s:1:"0";s:1:"h";s:1:"0";s:4:"name";s:0:"";s:12:"force_resize";s:5:"false";s:7:"specify";s:4:"none";s:7:"orginal";s:1:"0";}s:11:"gallery_img";a:7:{s:5:"chose";s:1:"1";s:1:"w";s:1:"0";s:1:"h";s:1:"0";s:4:"name";s:0:"";s:12:"force_resize";s:5:"false";s:7:"specify";s:4:"none";s:7:"orginal";s:1:"0";}s:13:"gallery_thumb";a:4:{s:1:"w";s:1:"0";s:1:"h";s:1:"0";s:12:"force_resize";s:5:"false";s:7:"specify";s:4:"none";}s:8:"sub_name";s:0:"";s:15:"sub_show_fields";s:0:"";s:13:"cattpl_update";s:19:"category.update.tpl";s:13:"cat_languages";s:1:"0";s:6:"nlevel";s:1:"0";s:15:"noproduct_level";s:2:"-1";s:13:"noproduct_cat";s:2:"-1";s:14:"nosubcat_level";s:2:"-1";s:12:"nosubcat_cat";s:2:"-1";s:12:"nodelcat_ids";s:2:"-1";s:17:"category_required";s:0:"";s:13:"list_catfield";s:0:"";s:12:"ln_catfields";a:1:{s:4:"name";a:5:{s:4:"name";s:0:"";s:4:"type";s:5:"input";s:11:"description";s:0:"";s:11:"require_msg";s:0:"";s:9:"sortorder";s:1:"0";}}s:13:"catsort_order";s:0:"";s:11:"catimg_icon";a:6:{s:1:"w";s:1:"0";s:1:"h";s:1:"0";s:4:"name";s:0:"";s:12:"force_resize";s:5:"false";s:7:"specify";s:4:"none";s:7:"orginal";s:1:"0";}s:10:"catimg_img";a:6:{s:1:"w";s:1:"0";s:1:"h";s:1:"0";s:4:"name";s:0:"";s:12:"force_resize";s:5:"false";s:7:"specify";s:4:"none";s:7:"orginal";s:1:"0";}s:12:"catimg_thumb";a:4:{s:1:"w";s:1:"0";s:1:"h";s:1:"0";s:12:"force_resize";s:5:"false";s:7:"specify";s:4:"none";}s:14:"ln_catimg_icon";a:6:{s:1:"w";s:1:"0";s:1:"h";s:1:"0";s:4:"name";s:0:"";s:12:"force_resize";s:5:"false";s:7:"specify";s:4:"none";s:7:"orginal";s:1:"0";}s:13:"ln_catimg_img";a:6:{s:1:"w";s:1:"0";s:1:"h";s:1:"0";s:4:"name";s:0:"";s:12:"force_resize";s:5:"false";s:7:"specify";s:4:"none";s:7:"orginal";s:1:"0";}s:15:"ln_catimg_thumb";a:4:{s:1:"w";s:1:"0";s:1:"h";s:1:"0";s:12:"force_resize";s:5:"false";s:7:"specify";s:4:"none";}}');
INSERT INTO `php_configure_mod` VALUES ('content', 2, 'Collection', '', 'a:51:{s:9:"languages";s:1:"0";s:3:"act";a:13:{i:0;s:13:"enable_editor";i:1;s:16:"drapdrop_content";i:2;s:3:"new";i:3;s:6:"update";i:4;s:6:"delete";i:5;s:5:"image";i:6;s:16:"drapdrop_gallery";i:7;s:6:"newcat";i:8;s:9:"updatecat";i:9;s:9:"deletecat";i:10;s:7:"viewcat";i:11;s:12:"drapdrop_cat";i:12;s:6:"catimg";}s:12:"sort_default";s:8:"order_id";s:18:"sort_default_order";s:0:"";s:6:"button";a:19:{s:4:"root";s:0:"";s:11:"header_name";s:0:"";s:11:"header_date";s:0:"";s:12:"header_order";s:0:"";s:13:"header_status";s:0:"";s:14:"header_actions";s:0:"";s:10:"tools_copy";s:0:"";s:8:"new_item";s:0:"";s:9:"edit_item";s:0:"";s:11:"delete_item";s:0:"";s:9:"move_item";s:0:"";s:11:"active_item";s:0:"";s:13:"inactive_item";s:0:"";s:17:"status_hover_item";s:0:"";s:12:"new_category";s:0:"";s:13:"edit_category";s:0:"";s:15:"delete_category";s:0:"";s:15:"new_subcategory";s:0:"";s:16:"status_hover_cat";s:0:"";}s:10:"extra_sort";s:0:"";s:11:"main_fields";a:3:{s:4:"home";a:7:{s:4:"name";s:0:"";s:4:"type";s:5:"input";s:14:"status_default";s:1:"0";s:6:"number";s:1:"0";s:11:"description";s:0:"";s:11:"require_msg";s:0:"";s:9:"sortorder";s:1:"0";}s:3:"top";a:7:{s:4:"name";s:0:"";s:4:"type";s:5:"input";s:14:"status_default";s:1:"0";s:6:"number";s:1:"0";s:11:"description";s:0:"";s:11:"require_msg";s:0:"";s:9:"sortorder";s:1:"0";}s:2:"ym";a:7:{s:4:"name";s:5:"Price";s:4:"type";s:5:"input";s:14:"status_default";s:1:"0";s:6:"number";s:1:"0";s:11:"description";s:23:"Vui long nhap gia la so";s:11:"require_msg";s:0:"";s:9:"sortorder";s:1:"0";}}s:9:"ln_fields";a:3:{s:4:"name";a:6:{s:5:"chose";s:1:"1";s:4:"name";s:4:"Name";s:4:"type";s:5:"input";s:11:"description";s:0:"";s:11:"require_msg";s:0:"";s:9:"sortorder";s:1:"0";}s:5:"intro";a:5:{s:4:"name";s:5:"Intro";s:4:"type";s:8:"textarea";s:11:"description";s:0:"";s:11:"require_msg";s:0:"";s:9:"sortorder";s:1:"0";}s:7:"content";a:6:{s:5:"chose";s:1:"1";s:4:"name";s:7:"Content";s:4:"type";s:7:"tinymce";s:11:"description";s:0:"";s:11:"require_msg";s:0:"";s:9:"sortorder";s:1:"0";}}s:12:"options_type";a:2:{i:1;s:1:"1";i:2;s:1:"0";}s:18:"options_save_field";a:2:{i:1;s:0:"";i:2;s:0:"";}s:8:"tpl_view";s:11:"content.tpl";s:10:"tpl_update";s:18:"content.update.tpl";s:13:"rows_per_page";s:0:"";s:12:"comment_name";s:0:"";s:15:"featuredon_name";s:0:"";s:9:"nodel_ids";s:0:"";s:11:"thumb_field";s:0:"";s:10:"list_field";s:0:"";s:10:"sort_order";s:0:"";s:9:"main_icon";a:7:{s:5:"chose";s:1:"1";s:1:"w";s:1:"0";s:1:"h";s:1:"0";s:4:"name";s:0:"";s:12:"force_resize";s:4:"true";s:7:"specify";s:4:"none";s:7:"orginal";s:1:"0";}s:8:"main_img";a:7:{s:5:"chose";s:1:"1";s:1:"w";s:1:"0";s:1:"h";s:1:"0";s:4:"name";s:0:"";s:12:"force_resize";s:4:"true";s:7:"specify";s:4:"none";s:7:"orginal";s:1:"0";}s:10:"main_thumb";a:4:{s:1:"w";s:1:"0";s:1:"h";s:1:"0";s:12:"force_resize";s:4:"true";s:7:"specify";s:4:"none";}s:12:"ln_main_icon";a:7:{s:5:"chose";s:1:"1";s:1:"w";s:1:"0";s:1:"h";s:1:"0";s:4:"name";s:0:"";s:12:"force_resize";s:4:"true";s:7:"specify";s:4:"none";s:7:"orginal";s:1:"0";}s:11:"ln_main_img";a:6:{s:1:"w";s:1:"0";s:1:"h";s:1:"0";s:4:"name";s:0:"";s:12:"force_resize";s:4:"true";s:7:"specify";s:4:"none";s:7:"orginal";s:1:"0";}s:13:"ln_main_thumb";a:4:{s:1:"w";s:1:"0";s:1:"h";s:1:"0";s:12:"force_resize";s:4:"true";s:7:"specify";s:4:"none";}s:12:"gallery_name";s:0:"";s:12:"gallery_sort";s:6:"id ASC";s:14:"gallery_fields";s:0:"";s:12:"gallery_icon";a:6:{s:1:"w";s:1:"0";s:1:"h";s:1:"0";s:4:"name";s:0:"";s:12:"force_resize";s:4:"true";s:7:"specify";s:4:"none";s:7:"orginal";s:1:"0";}s:11:"gallery_img";a:7:{s:5:"chose";s:1:"1";s:1:"w";s:1:"0";s:1:"h";s:1:"0";s:4:"name";s:0:"";s:12:"force_resize";s:4:"true";s:7:"specify";s:4:"none";s:7:"orginal";s:1:"0";}s:13:"gallery_thumb";a:5:{s:5:"chose";s:1:"1";s:1:"w";s:1:"0";s:1:"h";s:1:"0";s:12:"force_resize";s:4:"true";s:7:"specify";s:4:"none";}s:8:"sub_name";s:0:"";s:15:"sub_show_fields";s:0:"";s:13:"cattpl_update";s:19:"category.update.tpl";s:13:"cat_languages";s:1:"0";s:6:"nlevel";s:1:"1";s:15:"noproduct_level";s:1:"0";s:13:"noproduct_cat";s:1:"0";s:14:"nosubcat_level";s:2:"-1";s:12:"nosubcat_cat";s:2:"-1";s:12:"nodelcat_ids";s:2:"-1";s:17:"category_required";s:0:"";s:13:"list_catfield";s:0:"";s:12:"ln_catfields";a:1:{s:4:"name";a:7:{s:5:"chose";s:1:"1";s:4:"name";s:4:"Name";s:4:"type";s:5:"input";s:7:"require";s:1:"1";s:11:"description";s:0:"";s:11:"require_msg";s:23:"Ban buoc phai nhap name";s:9:"sortorder";s:1:"0";}}s:13:"catsort_order";s:0:"";s:11:"catimg_icon";a:7:{s:5:"chose";s:1:"1";s:1:"w";s:1:"0";s:1:"h";s:1:"0";s:4:"name";s:0:"";s:12:"force_resize";s:4:"true";s:7:"specify";s:3:"min";s:7:"orginal";s:1:"1";}s:10:"catimg_img";a:7:{s:5:"chose";s:1:"1";s:1:"w";s:1:"0";s:1:"h";s:1:"0";s:4:"name";s:0:"";s:12:"force_resize";s:4:"true";s:7:"specify";s:4:"none";s:7:"orginal";s:1:"0";}s:12:"catimg_thumb";a:4:{s:1:"w";s:1:"0";s:1:"h";s:1:"0";s:12:"force_resize";s:4:"true";s:7:"specify";s:4:"none";}s:14:"ln_catimg_icon";a:6:{s:1:"w";s:1:"0";s:1:"h";s:1:"0";s:4:"name";s:0:"";s:12:"force_resize";s:4:"true";s:7:"specify";s:4:"none";s:7:"orginal";s:1:"0";}s:13:"ln_catimg_img";a:6:{s:1:"w";s:1:"0";s:1:"h";s:1:"0";s:4:"name";s:0:"";s:12:"force_resize";s:4:"true";s:7:"specify";s:4:"none";s:7:"orginal";s:1:"0";}s:15:"ln_catimg_thumb";a:4:{s:1:"w";s:1:"0";s:1:"h";s:1:"0";s:12:"force_resize";s:4:"true";s:7:"specify";s:4:"none";}}');
INSERT INTO `php_configure_mod` VALUES ('html', 1, 'Homepage', '', 'a:16:{s:3:"act";a:1:{i:0;s:13:"enable_editor";}s:9:"languages";s:1:"0";s:10:"tpl_update";s:15:"html.update.tpl";s:11:"main_fields";a:1:{s:4:"code";a:6:{s:4:"name";s:4:"Code";s:4:"type";s:5:"input";s:7:"require";s:1:"1";s:11:"description";s:0:"";s:11:"require_msg";s:22:"Please enter your code";s:9:"sortorder";s:1:"0";}}s:9:"ln_fields";a:2:{s:4:"name";a:6:{s:5:"chose";s:1:"1";s:4:"name";s:4:"Name";s:4:"type";s:5:"input";s:11:"description";s:0:"";s:11:"require_msg";s:0:"";s:9:"sortorder";s:1:"0";}s:7:"content";a:6:{s:5:"chose";s:1:"1";s:4:"name";s:7:"Content";s:4:"type";s:8:"textarea";s:11:"description";s:0:"";s:11:"require_msg";s:0:"";s:9:"sortorder";s:1:"0";}}s:9:"main_icon";a:6:{s:1:"w";s:3:"200";s:1:"h";s:3:"200";s:4:"name";s:0:"";s:12:"force_resize";s:5:"false";s:7:"specify";s:3:"max";s:7:"orginal";s:1:"1";}s:8:"main_img";a:6:{s:1:"w";s:3:"200";s:1:"h";s:3:"200";s:4:"name";s:0:"";s:12:"force_resize";s:4:"true";s:7:"specify";s:3:"max";s:7:"orginal";s:1:"1";}s:10:"main_thumb";a:4:{s:1:"w";s:3:"100";s:1:"h";s:3:"100";s:12:"force_resize";s:4:"true";s:7:"specify";s:3:"max";}s:12:"ln_main_icon";a:6:{s:1:"w";s:1:"0";s:1:"h";s:1:"0";s:4:"name";s:0:"";s:12:"force_resize";s:4:"true";s:7:"specify";s:4:"none";s:7:"orginal";s:1:"0";}s:11:"ln_main_img";a:6:{s:1:"w";s:1:"0";s:1:"h";s:1:"0";s:4:"name";s:0:"";s:12:"force_resize";s:4:"true";s:7:"specify";s:4:"none";s:7:"orginal";s:1:"0";}s:13:"ln_main_thumb";a:4:{s:1:"w";s:1:"0";s:1:"h";s:1:"0";s:12:"force_resize";s:4:"true";s:7:"specify";s:4:"none";}s:12:"gallery_name";s:0:"";s:14:"gallery_fields";s:0:"";s:12:"gallery_icon";a:5:{s:1:"w";s:1:"0";s:1:"h";s:1:"0";s:12:"force_resize";s:4:"true";s:7:"specify";s:4:"none";s:7:"orginal";s:1:"0";}s:11:"gallery_img";a:6:{s:5:"chose";s:1:"1";s:1:"w";s:1:"0";s:1:"h";s:1:"0";s:12:"force_resize";s:4:"true";s:7:"specify";s:4:"none";s:7:"orginal";s:1:"0";}s:13:"gallery_thumb";a:4:{s:1:"w";s:1:"0";s:1:"h";s:1:"0";s:12:"force_resize";s:4:"true";s:7:"specify";s:4:"none";}}');
INSERT INTO `php_configure_mod` VALUES ('options', 1, 'Color', '', 'a:22:{s:9:"languages";s:1:"0";s:8:"tpl_view";s:11:"options.tpl";s:10:"tpl_update";s:18:"options.update.tpl";s:12:"sort_default";s:8:"order_id";s:18:"sort_default_order";s:0:"";s:6:"button";a:13:{s:4:"root";s:0:"";s:11:"header_name";s:0:"";s:11:"header_date";s:0:"";s:12:"header_order";s:0:"";s:13:"header_status";s:0:"";s:14:"header_actions";s:0:"";s:10:"tools_copy";s:0:"";s:8:"new_item";s:0:"";s:9:"edit_item";s:0:"";s:11:"delete_item";s:0:"";s:11:"active_item";s:0:"";s:13:"inactive_item";s:0:"";s:17:"status_hover_item";s:0:"";}s:9:"ln_fields";a:3:{s:4:"name";a:7:{s:5:"chose";s:1:"1";s:4:"name";s:4:"Name";s:4:"type";s:5:"input";s:7:"require";s:1:"1";s:11:"description";s:0:"";s:11:"require_msg";s:19:"Please enter a name";s:9:"sortorder";s:1:"1";}s:5:"intro";a:6:{s:5:"chose";s:1:"1";s:4:"name";s:5:"Intro";s:4:"type";s:5:"input";s:11:"description";s:0:"";s:11:"require_msg";s:0:"";s:9:"sortorder";s:1:"0";}s:7:"content";a:5:{s:4:"name";s:0:"";s:4:"type";s:5:"input";s:11:"description";s:0:"";s:11:"require_msg";s:0:"";s:9:"sortorder";s:1:"0";}}s:15:"required_fields";s:0:"";s:10:"list_field";s:15:"[{date}] {name}";s:10:"sort_order";s:0:"";s:9:"main_icon";a:3:{s:1:"w";s:1:"0";s:1:"h";s:1:"0";s:4:"name";s:0:"";}s:8:"main_img";a:3:{s:1:"w";s:1:"0";s:1:"h";s:1:"0";s:4:"name";s:0:"";}s:10:"main_thumb";a:2:{s:1:"w";s:1:"0";s:1:"h";s:1:"0";}s:12:"ln_main_icon";a:3:{s:1:"w";s:1:"0";s:1:"h";s:1:"0";s:4:"name";s:0:"";}s:11:"ln_main_img";a:3:{s:1:"w";s:1:"0";s:1:"h";s:1:"0";s:4:"name";s:0:"";}s:13:"ln_main_thumb";a:2:{s:1:"w";s:1:"0";s:1:"h";s:1:"0";}s:12:"gallery_name";s:0:"";s:12:"gallery_sort";s:6:"id ASC";s:14:"gallery_fields";s:0:"";s:12:"gallery_icon";a:2:{s:1:"w";s:1:"0";s:1:"h";s:1:"0";}s:11:"gallery_img";a:3:{s:5:"chose";s:1:"1";s:1:"w";s:1:"0";s:1:"h";s:1:"0";}s:13:"gallery_thumb";a:2:{s:1:"w";s:1:"0";s:1:"h";s:1:"0";}}');
INSERT INTO `php_configure_mod` VALUES ('options', 2, 'Styles', NULL, 'a:22:{s:9:"languages";s:1:"0";s:8:"tpl_view";s:11:"options.tpl";s:10:"tpl_update";s:18:"options.update.tpl";s:12:"sort_default";s:8:"order_id";s:18:"sort_default_order";s:0:"";s:6:"button";a:13:{s:4:"root";s:0:"";s:11:"header_name";s:0:"";s:11:"header_date";s:0:"";s:12:"header_order";s:0:"";s:13:"header_status";s:0:"";s:14:"header_actions";s:0:"";s:10:"tools_copy";s:0:"";s:8:"new_item";s:0:"";s:9:"edit_item";s:0:"";s:11:"delete_item";s:0:"";s:11:"active_item";s:0:"";s:13:"inactive_item";s:0:"";s:17:"status_hover_item";s:0:"";}s:9:"ln_fields";a:3:{s:4:"name";a:6:{s:5:"chose";s:1:"1";s:4:"name";s:4:"Name";s:4:"type";s:5:"input";s:7:"require";s:1:"1";s:11:"description";s:0:"";s:11:"require_msg";s:19:"Please enter a name";}s:5:"intro";a:4:{s:4:"name";s:0:"";s:4:"type";s:5:"input";s:11:"description";s:0:"";s:11:"require_msg";s:0:"";}s:7:"content";a:4:{s:4:"name";s:0:"";s:4:"type";s:5:"input";s:11:"description";s:0:"";s:11:"require_msg";s:0:"";}}s:15:"required_fields";s:0:"";s:10:"list_field";s:15:"[{date}] {name}";s:10:"sort_order";s:0:"";s:9:"main_icon";a:3:{s:1:"w";s:1:"0";s:1:"h";s:1:"0";s:4:"name";s:0:"";}s:8:"main_img";a:3:{s:1:"w";s:1:"0";s:1:"h";s:1:"0";s:4:"name";s:0:"";}s:10:"main_thumb";a:2:{s:1:"w";s:1:"0";s:1:"h";s:1:"0";}s:12:"ln_main_icon";a:3:{s:1:"w";s:1:"0";s:1:"h";s:1:"0";s:4:"name";s:0:"";}s:11:"ln_main_img";a:3:{s:1:"w";s:1:"0";s:1:"h";s:1:"0";s:4:"name";s:0:"";}s:13:"ln_main_thumb";a:2:{s:1:"w";s:1:"0";s:1:"h";s:1:"0";}s:12:"gallery_name";s:0:"";s:12:"gallery_sort";s:6:"id ASC";s:14:"gallery_fields";s:0:"";s:12:"gallery_icon";a:2:{s:1:"w";s:1:"0";s:1:"h";s:1:"0";}s:11:"gallery_img";a:3:{s:5:"chose";s:1:"1";s:1:"w";s:1:"0";s:1:"h";s:1:"0";}s:13:"gallery_thumb";a:2:{s:1:"w";s:1:"0";s:1:"h";s:1:"0";}}');
INSERT INTO `php_configure_mod` VALUES ('content', 3, 'yu', NULL, NULL);
INSERT INTO `php_configure_mod` VALUES ('html', 2, 'Our Story', NULL, 'a:16:{s:3:"act";a:1:{i:0;s:13:"enable_editor";}s:9:"languages";s:1:"0";s:10:"tpl_update";s:15:"html.update.tpl";s:11:"main_fields";a:1:{s:4:"code";a:6:{s:4:"name";s:4:"Code";s:4:"type";s:5:"input";s:7:"require";s:1:"1";s:11:"description";s:0:"";s:11:"require_msg";s:22:"Please enter your code";s:9:"sortorder";s:1:"0";}}s:9:"ln_fields";a:2:{s:4:"name";a:6:{s:5:"chose";s:1:"1";s:4:"name";s:4:"Name";s:4:"type";s:5:"input";s:11:"description";s:0:"";s:11:"require_msg";s:0:"";s:9:"sortorder";s:1:"0";}s:7:"content";a:6:{s:5:"chose";s:1:"1";s:4:"name";s:7:"Content";s:4:"type";s:8:"textarea";s:11:"description";s:0:"";s:11:"require_msg";s:0:"";s:9:"sortorder";s:1:"0";}}s:9:"main_icon";a:6:{s:1:"w";s:3:"200";s:1:"h";s:3:"200";s:4:"name";s:0:"";s:12:"force_resize";s:5:"false";s:7:"specify";s:3:"max";s:7:"orginal";s:1:"1";}s:8:"main_img";a:6:{s:1:"w";s:3:"200";s:1:"h";s:3:"200";s:4:"name";s:0:"";s:12:"force_resize";s:4:"true";s:7:"specify";s:3:"max";s:7:"orginal";s:1:"1";}s:10:"main_thumb";a:4:{s:1:"w";s:3:"100";s:1:"h";s:3:"100";s:12:"force_resize";s:4:"true";s:7:"specify";s:3:"max";}s:12:"ln_main_icon";a:6:{s:1:"w";s:1:"0";s:1:"h";s:1:"0";s:4:"name";s:0:"";s:12:"force_resize";s:4:"true";s:7:"specify";s:4:"none";s:7:"orginal";s:1:"0";}s:11:"ln_main_img";a:6:{s:1:"w";s:1:"0";s:1:"h";s:1:"0";s:4:"name";s:0:"";s:12:"force_resize";s:4:"true";s:7:"specify";s:4:"none";s:7:"orginal";s:1:"0";}s:13:"ln_main_thumb";a:4:{s:1:"w";s:1:"0";s:1:"h";s:1:"0";s:12:"force_resize";s:4:"true";s:7:"specify";s:4:"none";}s:12:"gallery_name";s:0:"";s:14:"gallery_fields";s:0:"";s:12:"gallery_icon";a:5:{s:1:"w";s:1:"0";s:1:"h";s:1:"0";s:12:"force_resize";s:4:"true";s:7:"specify";s:4:"none";s:7:"orginal";s:1:"0";}s:11:"gallery_img";a:6:{s:5:"chose";s:1:"1";s:1:"w";s:1:"0";s:1:"h";s:1:"0";s:12:"force_resize";s:4:"true";s:7:"specify";s:4:"none";s:7:"orginal";s:1:"0";}s:13:"gallery_thumb";a:4:{s:1:"w";s:1:"0";s:1:"h";s:1:"0";s:12:"force_resize";s:4:"true";s:7:"specify";s:4:"none";}}');

-- --------------------------------------------------------

-- 
-- Table structure for table `php_content`
-- 

CREATE TABLE `php_content` (
  `id` int(5) NOT NULL auto_increment COMMENT 'system',
  `type` int(3) default '0' COMMENT 'system',
  `catid` int(5) default '0' COMMENT 'system',
  `userid` int(5) default '-1' COMMENT 'system',
  `icon` varchar(255) collate utf8_unicode_ci default NULL COMMENT 'system',
  `image` varchar(255) collate utf8_unicode_ci default NULL COMMENT 'system',
  `file_extra` text collate utf8_unicode_ci COMMENT 'system',
  `fields_extra` text collate utf8_unicode_ci COMMENT 'system',
  `active` tinyint(1) default '1' COMMENT 'system',
  `order_id` int(5) default '0' COMMENT 'system',
  `web_keyword` varchar(255) collate utf8_unicode_ci default NULL COMMENT 'system',
  `web_desc` text collate utf8_unicode_ci COMMENT 'system',
  `date` date default NULL COMMENT 'system',
  `timestamp` timestamp NULL default CURRENT_TIMESTAMP on update CURRENT_TIMESTAMP COMMENT 'system',
  `visited` int(6) default '0' COMMENT 'system',
  `featuredon` varchar(255) collate utf8_unicode_ci default NULL COMMENT 'system',
  `home` tinyint(1) default '0',
  `top` tinyint(1) default '0',
  `ym` varchar(255) collate utf8_unicode_ci default NULL,
  PRIMARY KEY  (`id`)
) ENGINE=MyISAM  DEFAULT CHARSET=utf8 COLLATE=utf8_unicode_ci COMMENT='Dynamic content' AUTO_INCREMENT=15 ;

-- 
-- Dumping data for table `php_content`
-- 

INSERT INTO `php_content` VALUES (1, 1, 0, 1, '', '1316229364-Chrysanthemum.jpg', 'a:0:{}', 'N;', 1, 7, NULL, NULL, '2011-08-13', '2011-09-21 21:01:28', 0, NULL, 0, 0, 'linhnmt');
INSERT INTO `php_content` VALUES (13, 2, 2, 1, '1316395394-3.jpg', '1316395394-1.jpg', 'a:0:{}', 'N;', 1, 0, NULL, NULL, '2011-09-19', '2011-09-19 08:23:15', 0, NULL, 0, 0, NULL);
INSERT INTO `php_content` VALUES (3, 2, 3, 1, '', '', 'a:0:{}', 'N;', 1, 1, NULL, NULL, '2011-08-13', '2011-08-13 11:02:04', 0, NULL, 0, 0, '');
INSERT INTO `php_content` VALUES (4, 1, 0, 1, '', '1316229391-Desert.jpg', 'a:0:{}', 'N;', 1, 6, NULL, NULL, '2011-09-17', '2011-09-21 21:01:28', 0, NULL, 0, 0, NULL);
INSERT INTO `php_content` VALUES (5, 1, 0, 1, '', '1316229414-Hydrangeas.jpg', 'a:0:{}', 'N;', 1, 5, NULL, NULL, '2011-09-17', '2011-09-21 21:01:28', 0, NULL, 0, 0, NULL);
INSERT INTO `php_content` VALUES (6, 1, 0, 1, '', '1316229439-Jellyfish.jpg', 'a:0:{}', 'N;', 1, 4, NULL, NULL, '2011-09-17', '2011-09-21 21:01:28', 0, NULL, 0, 0, NULL);
INSERT INTO `php_content` VALUES (7, 1, 0, 1, '', '1316229465-Koala.jpg', 'a:0:{}', 'N;', 1, 3, NULL, NULL, '2011-09-17', '2011-09-21 21:01:28', 0, NULL, 0, 0, NULL);
INSERT INTO `php_content` VALUES (8, 1, 0, 1, '', '1316229550-Penguins.jpg', 'a:0:{}', 'N;', 1, 2, NULL, NULL, '2011-09-17', '2011-09-21 21:01:28', 0, NULL, 0, 0, NULL);
INSERT INTO `php_content` VALUES (9, 1, 0, 1, '', '1316229572-Tulips.jpg', 'a:0:{}', 'N;', 1, 0, NULL, NULL, '2011-09-17', '2011-09-21 23:26:34', 0, NULL, 0, 0, NULL);
INSERT INTO `php_content` VALUES (10, 2, 1, 1, '1316234598-3.jpg', '1316234150-2-full.jpg', 'a:0:{}', 'N;', 1, 2, NULL, NULL, '2011-09-17', '2011-09-17 11:43:18', 0, NULL, 0, 0, NULL);
INSERT INTO `php_content` VALUES (11, 2, 1, 1, '1316234108-2.jpg', '1316234191-2.jpg', 'a:0:{}', 'N;', 1, 1, NULL, NULL, '2011-09-17', '2011-09-17 11:37:30', 0, NULL, 0, 0, NULL);
INSERT INTO `php_content` VALUES (12, 2, 1, 1, '1316234475-3.jpg', '1316234249-2-full.jpg', 'a:0:{}', 'N;', 1, 0, NULL, NULL, '2011-09-17', '2011-09-17 11:41:15', 0, NULL, 0, 0, NULL);
INSERT INTO `php_content` VALUES (14, 1, 0, 1, '', '', 'a:0:{}', 'a:2:{s:1:"a";s:11:"ewewew32332";s:1:"b";s:2:"55";}', 1, 1, NULL, NULL, '2011-09-21', '2011-09-21 23:26:34', 0, NULL, 0, 0, NULL);

-- --------------------------------------------------------

-- 
-- Table structure for table `php_contentsub`
-- 

CREATE TABLE `php_contentsub` (
  `id` int(5) NOT NULL auto_increment,
  `conntentid` int(5) default NULL,
  `icon` varchar(255) collate utf8_unicode_ci default NULL,
  `image` varchar(255) collate utf8_unicode_ci default NULL,
  `active` tinyint(1) default NULL,
  `order_id` int(5) default NULL,
  `timestamp` timestamp NULL default NULL,
  PRIMARY KEY  (`id`)
) ENGINE=MyISAM DEFAULT CHARSET=utf8 COLLATE=utf8_unicode_ci AUTO_INCREMENT=1 ;

-- 
-- Dumping data for table `php_contentsub`
-- 


-- --------------------------------------------------------

-- 
-- Table structure for table `php_contentsub_ln`
-- 

CREATE TABLE `php_contentsub_ln` (
  `id` int(5) NOT NULL,
  `ln` varchar(2) collate utf8_unicode_ci NOT NULL,
  `name` varchar(255) collate utf8_unicode_ci default NULL,
  `intro` text collate utf8_unicode_ci,
  `content` text collate utf8_unicode_ci,
  PRIMARY KEY  (`id`,`ln`)
) ENGINE=MyISAM DEFAULT CHARSET=utf8 COLLATE=utf8_unicode_ci;

-- 
-- Dumping data for table `php_contentsub_ln`
-- 


-- --------------------------------------------------------

-- 
-- Table structure for table `php_content_ln`
-- 

CREATE TABLE `php_content_ln` (
  `id` int(5) NOT NULL COMMENT 'system',
  `ln` varchar(2) collate utf8_unicode_ci NOT NULL COMMENT 'system',
  `ln_fields_extra` text collate utf8_unicode_ci COMMENT 'system',
  `ln_icon` varchar(255) collate utf8_unicode_ci default NULL COMMENT 'system',
  `ln_image` varchar(255) collate utf8_unicode_ci default NULL COMMENT 'system',
  `sef_url` varchar(255) collate utf8_unicode_ci default NULL COMMENT 'system',
  `name` varchar(255) collate utf8_unicode_ci default NULL,
  `intro` text collate utf8_unicode_ci,
  `content` text collate utf8_unicode_ci,
  PRIMARY KEY  (`id`,`ln`)
) ENGINE=MyISAM DEFAULT CHARSET=utf8 COLLATE=utf8_unicode_ci;

-- 
-- Dumping data for table `php_content_ln`
-- 

INSERT INTO `php_content_ln` VALUES (1, 'vn', 'N;', '', '', NULL, 'Photo 1', NULL, NULL);
INSERT INTO `php_content_ln` VALUES (1, 'en', 'N;', '', '', NULL, '', '', NULL);
INSERT INTO `php_content_ln` VALUES (13, 'vn', 'N;', '', '', NULL, 'product 2.1', NULL, '<p>Ut enim ad minim veniam, quis nostrud exercitation ullamco laboris nisi ut aliquip ex ea commodo consequat</p>');
INSERT INTO `php_content_ln` VALUES (3, 'vn', 'N;', '', '', NULL, 'yiuiu', '', '');
INSERT INTO `php_content_ln` VALUES (4, 'vn', 'N;', '', '', NULL, 'Photo 2', NULL, NULL);
INSERT INTO `php_content_ln` VALUES (5, 'vn', 'N;', '', '', NULL, 'Photo 3', NULL, NULL);
INSERT INTO `php_content_ln` VALUES (6, 'vn', 'N;', '', '', NULL, 'Photo 4', NULL, NULL);
INSERT INTO `php_content_ln` VALUES (7, 'vn', 'N;', '', '', NULL, 'Photo 5', NULL, NULL);
INSERT INTO `php_content_ln` VALUES (8, 'vn', 'N;', '', '', NULL, 'Photo 6', NULL, NULL);
INSERT INTO `php_content_ln` VALUES (9, 'vn', 'N;', '', '', NULL, 'Photo 7', NULL, NULL);
INSERT INTO `php_content_ln` VALUES (10, 'vn', 'N;', '', '', NULL, 'Product 1', NULL, '<p>Lorem ipsum dolor sit amet, consectetur adipisicing elit, sed do eiusmod tempor incididunt ut labore et dolore magna aliqua</p>');
INSERT INTO `php_content_ln` VALUES (11, 'vn', 'N;', '', '', NULL, 'Product 2', NULL, '<p>Lorem ipsum dolor sit amet, consectetur adipisicing elit, sed do eiusmod tempor incididunt ut labore et dolore magna aliqua</p>');
INSERT INTO `php_content_ln` VALUES (12, 'vn', 'N;', '', '', NULL, 'Product 3', NULL, '<p>Lorem ipsum dolor sit amet, consectetur adipisicing elit, sed do eiusmod tempor incididunt ut labore et dolore magna aliqua</p>');
INSERT INTO `php_content_ln` VALUES (14, 'vn', 'a:2:{i:0;s:3:"rrr";i:1;s:3:"bbb";}', '', '', NULL, 'asdfads', NULL, NULL);

-- --------------------------------------------------------

-- 
-- Table structure for table `php_content_options`
-- 

CREATE TABLE `php_content_options` (
  `content_id` int(5) NOT NULL,
  `options_type` int(3) NOT NULL default '0',
  `options_id` int(5) NOT NULL,
  `extra` varchar(255) collate utf8_unicode_ci default NULL,
  PRIMARY KEY  (`content_id`,`options_type`,`options_id`)
) ENGINE=MyISAM DEFAULT CHARSET=utf8 COLLATE=utf8_unicode_ci;

-- 
-- Dumping data for table `php_content_options`
-- 

INSERT INTO `php_content_options` VALUES (2, 1, 1, NULL);
INSERT INTO `php_content_options` VALUES (2, 1, 2, NULL);
INSERT INTO `php_content_options` VALUES (2, 1, 4, NULL);

-- --------------------------------------------------------

-- 
-- Table structure for table `php_gallery`
-- 

CREATE TABLE `php_gallery` (
  `id` int(5) NOT NULL auto_increment,
  `page` varchar(20) collate utf8_unicode_ci default NULL,
  `pageid` int(5) default '0',
  `name` varchar(255) collate utf8_unicode_ci default NULL,
  `content` text collate utf8_unicode_ci,
  `icon` varchar(255) collate utf8_unicode_ci default NULL,
  `image` varchar(255) collate utf8_unicode_ci default NULL,
  `timestamp` timestamp NULL default CURRENT_TIMESTAMP on update CURRENT_TIMESTAMP,
  `order_id` int(5) default '0',
  `date` date default NULL,
  `active` tinyint(1) default '1',
  PRIMARY KEY  (`id`)
) ENGINE=MyISAM  DEFAULT CHARSET=utf8 COLLATE=utf8_unicode_ci AUTO_INCREMENT=3 ;

-- 
-- Dumping data for table `php_gallery`
-- 

INSERT INTO `php_gallery` VALUES (1, 'content', 2, '', NULL, '', '1313207499-watch-banner.jpg', '2011-08-13 11:02:19', 0, NULL, 1);
INSERT INTO `php_gallery` VALUES (2, 'content', 2, '', NULL, '', '1313207499-jemma-banner.jpg', '2011-08-13 11:02:19', 1, NULL, 1);

-- --------------------------------------------------------

-- 
-- Table structure for table `php_html`
-- 

CREATE TABLE `php_html` (
  `id` int(4) NOT NULL auto_increment COMMENT 'system',
  `icon` varchar(255) collate utf8_unicode_ci default NULL COMMENT 'system',
  `image` varchar(255) collate utf8_unicode_ci default NULL COMMENT 'system',
  `file_extra` text collate utf8_unicode_ci COMMENT 'system',
  `fields_extra` text collate utf8_unicode_ci COMMENT 'system',
  `web_keyword` varchar(255) collate utf8_unicode_ci default NULL COMMENT 'system',
  `web_desc` text collate utf8_unicode_ci COMMENT 'system',
  `timestamp` timestamp NULL default CURRENT_TIMESTAMP on update CURRENT_TIMESTAMP COMMENT 'system',
  `date` date default NULL COMMENT 'system',
  `code` varchar(255) collate utf8_unicode_ci default NULL,
  PRIMARY KEY  (`id`)
) ENGINE=MyISAM  DEFAULT CHARSET=utf8 COLLATE=utf8_unicode_ci COMMENT='Static content' AUTO_INCREMENT=3 ;

-- 
-- Dumping data for table `php_html`
-- 

INSERT INTO `php_html` VALUES (1, '', '', 'a:0:{}', 'N;', '', '', '2011-09-16 08:38:51', '1899-11-30', NULL);
INSERT INTO `php_html` VALUES (2, '', '', 'a:0:{}', 'N;', '', '', '2011-09-16 08:47:08', '0000-00-00', NULL);

-- --------------------------------------------------------

-- 
-- Table structure for table `php_html_ln`
-- 

CREATE TABLE `php_html_ln` (
  `id` int(4) NOT NULL COMMENT 'system',
  `ln` varchar(2) collate utf8_unicode_ci NOT NULL COMMENT 'system',
  `ln_fields_extra` text collate utf8_unicode_ci COMMENT 'system',
  `ln_icon` varchar(255) collate utf8_unicode_ci default NULL COMMENT 'system',
  `ln_image` varchar(255) collate utf8_unicode_ci default NULL COMMENT 'system',
  `sef_url` varchar(255) collate utf8_unicode_ci default NULL COMMENT 'system',
  `name` varchar(255) collate utf8_unicode_ci default NULL,
  `content` text collate utf8_unicode_ci,
  PRIMARY KEY  (`id`,`ln`)
) ENGINE=MyISAM DEFAULT CHARSET=utf8 COLLATE=utf8_unicode_ci;

-- 
-- Dumping data for table `php_html_ln`
-- 

INSERT INTO `php_html_ln` VALUES (1, 'vn', 'N;', '', '', NULL, 'Gioi thieu', 'Dallany Jewellery Designs is a family-owned business established in 1996 by jewellery designer, Ken Luong. With over 20 years experience in jewellery design and the vision that luxury should be affordable, Ken\\''s mission is to establish a jewellery empire that\\''s truly in a class by itself.\r\n\r\nAlthough Ken offers personalized services to create one-of-a-kind pieces, Dallany Jewellery Designs also offers an extensive selection of quality jewellery ranging from carefully selected coloured stones, to all grades and cuts of precious diamonds - including rare diamonds from northern Canada. In addition to our collection of traditional and contemporary jewellery, we also carry exclusive lines of prestigious timepieces from Rado, Longines, Tissot, Gucci and Movado.\r\n\r\nDallany Jewellery Designs aims to provide our clients with a pleasant and memorable shopping experience. From our courteous and knowledgeable sales associates to assist you in making informed decisions, to the skilled professionals we have available to service your on-site repairs and appraisals, we are fully equipped to satisfy and resolve all of our clients needs.\r\n\r\nWe have two store locations: one located in Coquitlam Centre, and the other in Lougheed Town Centre. At whichever location you may choose to make your purchase, we are confident that you will be equally amazed by the high quality of our products and services, and come to understand why Dallany Jewellery Designs is sincerely in a class by itself.\r\n');
INSERT INTO `php_html_ln` VALUES (1, 'en', 'N;', '', '', NULL, '', '');
INSERT INTO `php_html_ln` VALUES (2, 'vn', 'N;', '', '', NULL, '...Our  story', 'With over 20 years experience in jewellery design, Ken Luong established Dallany Jewellery Designs in 1996, with the vision that one-of-a-kind luxury pieces should be affordable and the shopping experience should be memorable.\r\n\r\n“I believe that individuality should be effortless, expresses Ken, that’s why I like to think of my jewellery designs as a method of self-expression in which brings out the wearers’ natural beauty and uniqueness.”\r\n\r\nKen’s one-of-a-kind pieces, ranging from the tastefully simple to the beautifully complex, spring from both Ken’s own distinctive perception of form and his client’s ideas. “Sometimes, a client will come to me with a vision of exactly what it is that they want,” explains Ken, “but other times, I have the opportunity of helping my client uncover their needs, and together we will come up with a design which will truly reflect their personal style.”\r\n\r\nThe result of Ken’s attention to detail and eye for beauty often bring forth artful masterpieces rather than just accessories. The graceful combination of exquisite gemstones and structural forms in Ken’s designs is comparable to perfectly orchestrated music. Ken has mastered his craft to a degree that cannot be surpassed – thus, raising the standard for luxurious jewellery designs, and rightfully claiming the title that Dallany Jewellery Designs is sincerely in ‘a class by itself.’');

-- --------------------------------------------------------

-- 
-- Table structure for table `php_language`
-- 

CREATE TABLE `php_language` (
  `ln` varchar(2) collate utf8_unicode_ci NOT NULL,
  `ln_name` varchar(255) collate utf8_unicode_ci default NULL,
  `ln_alias` varchar(255) collate utf8_unicode_ci default NULL,
  `icon` varchar(255) collate utf8_unicode_ci default NULL,
  `is_default` tinyint(1) default '0',
  `active` tinyint(1) default '1',
  `order_id` int(3) default '0',
  PRIMARY KEY  (`ln`)
) ENGINE=MyISAM DEFAULT CHARSET=utf8 COLLATE=utf8_unicode_ci;

-- 
-- Dumping data for table `php_language`
-- 

INSERT INTO `php_language` VALUES ('vn', 'Vietnamese', '', NULL, 1, 1, 0);
INSERT INTO `php_language` VALUES ('en', 'English', '', NULL, 0, 0, 1);

-- --------------------------------------------------------

-- 
-- Table structure for table `php_module`
-- 

CREATE TABLE `php_module` (
  `id` tinyint(2) NOT NULL auto_increment,
  `module` varchar(50) collate utf8_unicode_ci default NULL,
  `active` tinyint(1) default '1',
  PRIMARY KEY  (`id`)
) ENGINE=MyISAM DEFAULT CHARSET=utf8 COLLATE=utf8_unicode_ci AUTO_INCREMENT=1 ;

-- 
-- Dumping data for table `php_module`
-- 


-- --------------------------------------------------------

-- 
-- Table structure for table `php_module_ln`
-- 

CREATE TABLE `php_module_ln` (
  `id` tinyint(2) NOT NULL,
  `ln` varchar(2) collate utf8_unicode_ci NOT NULL,
  `name` varchar(255) collate utf8_unicode_ci default NULL,
  `module_name` varchar(50) collate utf8_unicode_ci default NULL,
  `web_title` text collate utf8_unicode_ci,
  `web_keyword` text collate utf8_unicode_ci,
  `web_desc` text collate utf8_unicode_ci,
  `meta_extra` text collate utf8_unicode_ci,
  PRIMARY KEY  (`id`,`ln`)
) ENGINE=MyISAM DEFAULT CHARSET=utf8 COLLATE=utf8_unicode_ci;

-- 
-- Dumping data for table `php_module_ln`
-- 


-- --------------------------------------------------------

-- 
-- Table structure for table `php_options`
-- 

CREATE TABLE `php_options` (
  `id` int(5) NOT NULL auto_increment COMMENT 'system',
  `type` int(5) default '0' COMMENT 'system',
  `active` tinyint(1) default '1' COMMENT 'system',
  `icon` varchar(255) collate utf8_unicode_ci default NULL COMMENT 'system',
  `image` varchar(255) collate utf8_unicode_ci default NULL COMMENT 'system',
  `order_id` int(5) default '0' COMMENT 'system',
  `timestamp` timestamp NULL default CURRENT_TIMESTAMP on update CURRENT_TIMESTAMP COMMENT 'system',
  `date` date default NULL COMMENT 'system',
  PRIMARY KEY  (`id`)
) ENGINE=MyISAM  DEFAULT CHARSET=utf8 COLLATE=utf8_unicode_ci AUTO_INCREMENT=8 ;

-- 
-- Dumping data for table `php_options`
-- 

INSERT INTO `php_options` VALUES (2, 1, 1, '', '', 1, '2011-09-21 23:21:55', '2011-08-13');
INSERT INTO `php_options` VALUES (5, 1, 1, '', '', 0, '2011-09-21 23:21:56', '2011-08-18');
INSERT INTO `php_options` VALUES (6, 2, 1, '', '', 1, '2011-08-23 20:02:58', '2011-08-23');
INSERT INTO `php_options` VALUES (7, 2, 1, '', '', 0, '2011-08-23 20:02:58', '2011-08-23');

-- --------------------------------------------------------

-- 
-- Table structure for table `php_options_ln`
-- 

CREATE TABLE `php_options_ln` (
  `id` int(5) NOT NULL COMMENT 'system',
  `ln` varchar(2) collate utf8_unicode_ci NOT NULL default '0' COMMENT 'system',
  `ln_icon` varchar(255) collate utf8_unicode_ci default NULL COMMENT 'system',
  `ln_image` varchar(255) collate utf8_unicode_ci default NULL COMMENT 'system',
  `name` varchar(255) collate utf8_unicode_ci default NULL,
  `intro` text collate utf8_unicode_ci,
  `content` text collate utf8_unicode_ci,
  PRIMARY KEY  (`id`,`ln`)
) ENGINE=MyISAM DEFAULT CHARSET=utf8 COLLATE=utf8_unicode_ci;

-- 
-- Dumping data for table `php_options_ln`
-- 

INSERT INTO `php_options_ln` VALUES (2, 'vn', '', '', 'Do', NULL, NULL);
INSERT INTO `php_options_ln` VALUES (6, 'vn', '', '', 'ewr', NULL, NULL);
INSERT INTO `php_options_ln` VALUES (5, 'vn', '', '', 'ty', NULL, NULL);
INSERT INTO `php_options_ln` VALUES (7, 'vn', '', '', 'wrwrwe', NULL, NULL);

-- --------------------------------------------------------

-- 
-- Table structure for table `php_session`
-- 

CREATE TABLE `php_session` (
  `session_id` varchar(255) collate utf8_unicode_ci NOT NULL,
  `expires` int(10) unsigned NOT NULL default '0',
  `data` text collate utf8_unicode_ci,
  PRIMARY KEY  (`session_id`)
) ENGINE=MyISAM DEFAULT CHARSET=utf8 COLLATE=utf8_unicode_ci;

-- 
-- Dumping data for table `php_session`
-- 

INSERT INTO `php_session` VALUES ('4533e2b120162f562c22dc3fae9dc621', 1316622416, 'cms_menu|s:3:"2.2";brc|a:2:{s:8:"-Product";a:2:{s:3:"url";s:0:"";s:5:"title";s:7:"Product";}s:35:"?mod=content&type=2-Manage products";a:2:{s:3:"url";s:19:"?mod=content&type=2";s:5:"title";s:15:"Manage products";}}admin_login|a:8:{s:2:"id";s:1:"1";s:8:"is_admin";s:1:"1";s:8:"fullname";s:13:"Administrator";s:8:"username";s:5:"admin";s:8:"password";s:32:"64fab82e39e0946c9d02b12a6aac0683";s:10:"permission";s:3:"ALL";s:4:"data";s:113:"a:3:{s:4:"skin";s:7:"default";s:4:"icon";s:7:"default";s:4:"menu";a:5:{i:0;i:1;i:1;i:1;i:2;i:1;i:3;i:1;i:4;i:1;}}";s:6:"active";s:1:"1";}');
INSERT INTO `php_session` VALUES ('05cdfd130604bb4ffcf7a3c71329bced', 1316622191, 'cms_menu|s:3:"0.0";brc|a:0:{}');
INSERT INTO `php_session` VALUES ('fdcf9f6a1ccefc5b8aa48479a90f20fe', 1316622271, 'cms_menu|s:3:"0.0";brc|a:0:{}');
INSERT INTO `php_session` VALUES ('52f263a15b8024e5ad4f90a1fac14a4a', 1316622340, 'cms_menu|s:3:"0.0";brc|a:0:{}');
INSERT INTO `php_session` VALUES ('69330b0690d8c90ebb2dce622198b483', 1316707351, 'cms_menu|s:3:"0.0";brc|a:2:{s:13:"-Your Company";a:2:{s:3:"url";s:0:"";s:5:"title";s:12:"Your Company";}s:19:"?mod=home-Dashboard";a:2:{s:3:"url";s:9:"?mod=home";s:5:"title";s:9:"Dashboard";}}admin_login|a:8:{s:2:"id";s:1:"1";s:8:"is_admin";s:1:"1";s:8:"fullname";s:13:"Administrator";s:8:"username";s:5:"admin";s:8:"password";s:32:"64fab82e39e0946c9d02b12a6aac0683";s:10:"permission";s:3:"ALL";s:4:"data";s:113:"a:3:{s:4:"skin";s:7:"default";s:4:"icon";s:7:"default";s:4:"menu";a:5:{i:0;i:1;i:1;i:1;i:2;i:1;i:3;i:1;i:4;i:1;}}";s:6:"active";s:1:"1";}');

-- --------------------------------------------------------

-- 
-- Table structure for table `php_user`
-- 

CREATE TABLE `php_user` (
  `id` int(5) NOT NULL auto_increment,
  `is_admin` tinyint(1) default '0',
  `fullname` varchar(255) collate utf8_unicode_ci default NULL,
  `username` varchar(255) collate utf8_unicode_ci default NULL,
  `password` varchar(255) collate utf8_unicode_ci default NULL,
  `permission` text collate utf8_unicode_ci,
  `data` text collate utf8_unicode_ci,
  `active` tinyint(1) default '1',
  PRIMARY KEY  (`id`)
) ENGINE=MyISAM  DEFAULT CHARSET=utf8 COLLATE=utf8_unicode_ci COMMENT='Back end user' AUTO_INCREMENT=9 ;

-- 
-- Dumping data for table `php_user`
-- 

INSERT INTO `php_user` VALUES (1, 1, 'Administrator', 'admin', '64fab82e39e0946c9d02b12a6aac0683', 'ALL', 'a:3:{s:4:"skin";s:7:"default";s:4:"icon";s:7:"default";s:4:"menu";a:5:{i:0;i:1;i:1;i:1;i:2;i:1;i:3;i:1;i:4;i:1;}}', 1);
INSERT INTO `php_user` VALUES (5, 0, 'Linh NMT', 'linh.nguyen', '202cb962ac59075b964b07152d234b70', 'a:2:{s:6:"action";a:3:{s:3:"new";s:7:"checked";s:4:"edit";s:7:"checked";s:6:"delete";s:7:"checked";}s:3:"act";a:1:{i:0;a:2:{s:5:"check";s:4:"true";i:0;s:4:"true";}}}', 'a:3:{s:4:"skin";s:7:"default";s:4:"icon";s:7:"default";s:4:"menu";a:1:{i:0;i:1;}}', 1);
INSERT INTO `php_user` VALUES (6, 0, 'Trieu Linh', 'trieulinh', '202cb962ac59075b964b07152d234b70', 'ALL', 'a:3:{s:4:"skin";s:7:"default";s:4:"icon";s:7:"default";s:4:"menu";a:5:{i:3;i:1;i:2;i:1;i:1;i:1;i:0;i:1;i:4;i:1;}}', 1);
INSERT INTO `php_user` VALUES (7, 0, 'Linh Nguyen', 'linhnmt', '202cb962ac59075b964b07152d234b70', 'ALL', 'a:2:{s:4:"skin";s:7:"default";s:4:"icon";s:7:"default";}', 1);

-- --------------------------------------------------------

-- 
-- Table structure for table `php_user_log`
-- 

CREATE TABLE `php_user_log` (
  `id` int(10) NOT NULL auto_increment,
  `type` varchar(255) collate utf8_unicode_ci default 'cms',
  `userid` int(5) default NULL,
  `ip` varchar(255) collate utf8_unicode_ci default NULL,
  `data` text collate utf8_unicode_ci,
  `timestamp` timestamp NULL default CURRENT_TIMESTAMP,
  PRIMARY KEY  (`id`)
) ENGINE=MyISAM  DEFAULT CHARSET=utf8 COLLATE=utf8_unicode_ci AUTO_INCREMENT=42 ;

-- 
-- Dumping data for table `php_user_log`
-- 

INSERT INTO `php_user_log` VALUES (1, 'cms', 1, '127.0.0.1', 'Updated value: kakka for configure: ym', '2011-05-22 10:38:19');
INSERT INTO `php_user_log` VALUES (2, 'cms', 1, '127.0.0.1', 'Updated value: w2ajax@gmail.com for configure: email_contact', '2011-05-22 10:42:17');
INSERT INTO `php_user_log` VALUES (3, 'cms', 1, '127.0.0.1', 'Updated value: xboohb for configure: ym', '2011-05-22 13:54:35');
INSERT INTO `php_user_log` VALUES (4, 'cms', 1, '127.0.0.1', 'Administrator logged in', '2011-05-22 13:54:53');
INSERT INTO `php_user_log` VALUES (5, 'cms', 1, '127.0.0.1', 'Logged in', '2011-05-22 13:55:55');
INSERT INTO `php_user_log` VALUES (6, 'cms', 1, '127.0.0.1', 'Update profile', '2011-05-22 13:58:36');
INSERT INTO `php_user_log` VALUES (7, 'cms', 1, '127.0.0.1', 'Update user: Trieu Linh', '2011-05-22 13:58:57');
INSERT INTO `php_user_log` VALUES (8, 'cms', 1, '127.0.0.1', 'Deleted user: 4', '2011-05-22 14:00:03');
INSERT INTO `php_user_log` VALUES (9, 'cms', 1, '127.0.0.1', 'Set permission for userId: 5', '2011-05-22 14:02:10');
INSERT INTO `php_user_log` VALUES (10, 'cms', 1, '127.0.0.1', 'Reset password', '2011-05-22 14:06:17');
INSERT INTO `php_user_log` VALUES (11, 'cms', 1, '127.0.0.1', 'Reset password for userId: 5', '2011-05-22 14:07:12');
INSERT INTO `php_user_log` VALUES (12, 'cms', 1, '127.0.0.1', 'Logged in', '2011-05-22 14:07:45');
INSERT INTO `php_user_log` VALUES (13, 'cms', 5, '127.0.0.1', 'Logged in', '2011-05-22 14:08:02');
INSERT INTO `php_user_log` VALUES (14, 'cms', 5, '127.0.0.1', 'Update profile', '2011-05-22 14:08:24');
INSERT INTO `php_user_log` VALUES (15, 'cms', 1, '127.0.0.1', 'Logged in', '2011-05-22 14:11:18');
INSERT INTO `php_user_log` VALUES (16, 'cms', 1, '127.0.0.1', 'Update profile', '2011-05-22 14:11:53');
INSERT INTO `php_user_log` VALUES (17, 'cms', 1, '127.0.0.1', 'Reset password', '2011-05-22 14:12:16');
INSERT INTO `php_user_log` VALUES (18, 'cms', 1, '127.0.0.1', 'Logged in', '2011-05-22 14:12:22');
INSERT INTO `php_user_log` VALUES (19, 'cms', 1, '127.0.0.1', 'Updated value: no-reply@domain.com for configure: smtp_from_email', '2011-05-22 14:13:05');
INSERT INTO `php_user_log` VALUES (20, 'cms', 1, '127.0.0.1', 'Logged in', '2011-05-28 11:06:45');
INSERT INTO `php_user_log` VALUES (21, 'cms', 1, '127.0.0.1', 'Logged in', '2011-05-31 08:54:36');
INSERT INTO `php_user_log` VALUES (22, 'cms', 1, '127.0.0.1', 'Logged in', '2011-06-01 08:56:17');
INSERT INTO `php_user_log` VALUES (23, 'cms', 1, '127.0.0.1', 'Logged in', '2011-06-03 08:06:27');
INSERT INTO `php_user_log` VALUES (24, 'cms', 1, '127.0.0.1', 'Logged in', '2011-06-11 20:48:40');
INSERT INTO `php_user_log` VALUES (25, 'cms', 1, '127.0.0.1', 'Updated value: tab for configure: language_tab', '2011-06-11 20:49:34');
INSERT INTO `php_user_log` VALUES (26, 'cms', 1, '127.0.0.1', 'Logged in', '2011-06-13 22:12:03');
INSERT INTO `php_user_log` VALUES (27, 'cms', 1, '127.0.0.1', 'Logged in', '2011-07-15 08:52:49');
INSERT INTO `php_user_log` VALUES (28, 'cms', 1, '127.0.0.1', 'Logged in', '2011-07-15 22:20:36');
INSERT INTO `php_user_log` VALUES (29, 'cms', 1, '127.0.0.1', 'Logged in', '2011-07-31 09:45:39');
INSERT INTO `php_user_log` VALUES (30, 'cms', 1, '127.0.0.1', 'Logged in', '2011-08-12 08:59:20');
INSERT INTO `php_user_log` VALUES (31, 'cms', 1, '127.0.0.1', 'Logged in', '2011-08-13 09:29:17');
INSERT INTO `php_user_log` VALUES (32, 'cms', 1, '127.0.0.1', 'Set permission for userId: 5', '2011-08-13 11:06:03');
INSERT INTO `php_user_log` VALUES (33, 'cms', 1, '127.0.0.1', 'Reset password for userId: 5', '2011-08-13 11:06:23');
INSERT INTO `php_user_log` VALUES (34, 'cms', 5, '127.0.0.1', 'Logged in', '2011-08-13 11:08:22');
INSERT INTO `php_user_log` VALUES (35, 'cms', 1, '127.0.0.1', 'Logged in', '2011-08-15 08:59:22');
INSERT INTO `php_user_log` VALUES (36, 'cms', 1, '127.0.0.1', 'Logged in', '2011-08-15 20:54:24');
INSERT INTO `php_user_log` VALUES (37, 'cms', 1, '127.0.0.1', 'Logged in', '2011-08-17 23:25:37');
INSERT INTO `php_user_log` VALUES (38, 'cms', 1, '127.0.0.1', 'Logged in', '2011-08-22 23:10:54');
INSERT INTO `php_user_log` VALUES (39, 'cms', 1, '127.0.0.1', 'Logged in', '2011-08-27 20:40:55');
INSERT INTO `php_user_log` VALUES (40, 'cms', 1, '127.0.0.1', 'Updated value: no for configure: cache_query', '2011-08-27 21:05:19');
INSERT INTO `php_user_log` VALUES (41, 'cms', 1, '127.0.0.1', 'Updated value: yes for configure: cache_query', '2011-08-27 21:05:30');
